Metric,HumanMAC
APD,8.641783
ADE,0.38175166
FDE,0.48262
MMADE,0.49402255
MMFDE,0.52805156
