Metric,HumanMAC
APD,6.1648006
ADE,0.36517102
FDE,0.47081214
MMADE,0.5031166
MMFDE,0.536475
