Metric,HumanMAC
APD,7.749467
ADE,0.3735811
FDE,0.47497
MMADE,0.49341574
MMFDE,0.5264525
