Metric,HumanMAC
APD,6.778166000000001
ADE,0.36764726
FDE,0.47039533
MMADE,0.49644336
MMFDE,0.52944124
