Metric,HumanMAC
APD,7.1211033
ADE,0.36921573
FDE,0.47138453
MMADE,0.49482864
MMFDE,0.5278413000000001
